109,Закрыт
108,Не состоялся
111,Не состоялся
110,Не состоялся
117,Не состоялся
112,Не состоялся
142,Не состоялся
118,Не состоялся
123,Не состоялся
124,Не состоялся
120,Закрыт
119,Не состоялся
149,Не состоялся
653,Закрыт
151,Не состоялся
152,Закрыт
160,Не состоялся
147,Не состоялся
164,Не состоялся
162,Закрыт
153,Не состоялся
163,Отменен заказчиком
161,Не состоялся
166,Не состоялся
165,Не состоялся
169,Не состоялся
168,Не состоялся
167,Не состоялся
172,Закрыт
170,Закрыт
171,Не состоялся
173,Закрыт
176,Не состоялся
206,Не состоялся
177,Не состоялся
195,Не состоялся
210,Ожидает начала торгов
211,Не состоялся
214,Ожидает начала торгов
207,Не состоялся
209,Не состоялся
208,Не состоялся
222,Не состоялся
220,Отменен заказчиком
217,Закрыт
215,Ожидает начала торгов
216,Не состоялся
228,Не состоялся
229,Не состоялся
227,Ожидает начала торгов
224,Не состоялся
226,Не состоялся
234,Закрыт
230,Не состоялся
231,Ожидает начала торгов
232,Не состоялся
233,Не состоялся
242,Закрыт
219,Закрыт
842,Закрыт
243,Не состоялся
241,Не состоялся
237,Закрыт
246,Не состоялся
244,Не состоялся
247,Закрыт
248,Закрыт
252,Не состоялся
254,Закрыт
256,Отменен заказчиком
257,Не состоялся
249,Закрыт
253,Не состоялся
264,Не состоялся
260,Не состоялся
265,Не состоялся
259,Закрыт
267,Не состоялся
269,Закрыт
266,Закрыт
273,Закрыт
275,Закрыт
279,Не состоялся
277,Не состоялся
280,Не состоялся
276,Не состоялся
278,Не состоялся
698,Закрыт
282,Не состоялся
283,Не состоялся
281,Закрыт
286,Не состоялся
297,Не состоялся
334,Не состоялся
299,Не состоялся
300,Не состоялся
298,Не состоялся
305,Не состоялся
303,Не состоялся
307,Закрыт
315,Закрыт
323,Не состоялся
324,Не состоялся
314,Не состоялся
316,Не состоялся
317,Не состоялся
318,Не состоялся
319,Не состоялся
320,Не состоялся
321,Не состоялся
322,Не состоялся
326,Не состоялся
327,Не состоялся
325,Не состоялся
328,Закрыт
329,Не состоялся
547,Не состоялся
336,Закрыт
353,Не состоялся
337,Закрыт
338,Не состоялся
339,Закрыт
340,Не состоялся
341,Не состоялся
342,Не состоялся
349,Не состоялся
350,Не состоялся
356,Не состоялся
363,Не состоялся
359,Не состоялся
358,Закрыт
360,Не состоялся
362,Закрыт
364,Не состоялся
365,Не состоялся
366,Отменен заказчиком
371,Отменен заказчиком
374,Отменен заказчиком
376,Отменен заказчиком
368,Отменен заказчиком
367,Отменен заказчиком
369,Отменен заказчиком
392,Закрыт
387,Закрыт
388,Закрыт
391,Закрыт
384,Отменен заказчиком
394,Отменен заказчиком
393,Отменен заказчиком
389,Отменен заказчиком
395,Закрыт
397,Закрыт
396,Закрыт
411,Не состоялся
412,Не состоялся
406,Не состоялся
398,Закрыт
399,Закрыт
400,Закрыт
401,Закрыт
402,Закрыт
403,Закрыт
404,Закрыт
405,Не состоялся
416,Не состоялся
407,Не состоялся
408,Не состоялся
409,Не состоялся
410,Не состоялся
413,Не состоялся
414,Закрыт
415,Закрыт
418,Не состоялся
420,Не состоялся
419,Закрыт
424,Отменен заказчиком
422,Не состоялся
425,Отменен заказчиком
426,Отменен заказчиком
423,Отменен заказчиком
427,Отменен заказчиком
428,Отменен заказчиком
430,Отменен заказчиком
429,Отменен заказчиком
432,Отменен заказчиком
431,Отменен заказчиком
433,Отменен заказчиком
434,Отменен заказчиком
438,Отменен заказчиком
435,Отменен заказчиком
437,Отменен заказчиком
439,Отменен заказчиком
436,Отменен заказчиком
440,Отменен заказчиком
441,Отменен заказчиком
444,Отменен заказчиком
443,Отменен заказчиком
442,Отменен заказчиком
446,Закрыт
445,Закрыт
451,Не состоялся
496,Не состоялся
1792,Не состоялся
455,Закрыт
453,Закрыт
457,Закрыт
452,Не состоялся
458,Закрыт
459,Не состоялся
461,Не состоялся
456,Закрыт
470,Не состоялся
463,Не состоялся
468,Закрыт
466,Не состоялся
467,Не состоялся
482,Не состоялся
472,Не состоялся
473,Не состоялся
474,Не состоялся
475,Не состоялся
476,Не состоялся
477,Не состоялся
478,Не состоялся
479,Не состоялся
480,Не состоялся
481,Не состоялся
484,Не состоялся
471,Не состоялся
417,Не состоялся
485,Не состоялся
486,Не состоялся
488,Закрыт
487,Не состоялся
490,Не состоялся
491,Отменен заказчиком
493,Ожидает начала торгов
492,Не состоялся
498,Не состоялся
505,Не состоялся
514,Не состоялся
506,Не состоялся
495,Закрыт
523,Не состоялся
524,Закрыт
516,Не состоялся
522,Не состоялся
519,Не состоялся
520,Не состоялся
521,Не состоялся
509,Не состоялся
510,Не состоялся
526,Не состоялся
525,Закрыт
528,Не состоялся
529,Не состоялся
527,Не состоялся
533,Не состоялся
530,Не состоялся
531,Не состоялся
534,Не состоялся
535,Не состоялся
541,Не состоялся
542,Не состоялся
532,Закрыт
539,Не состоялся
536,Не состоялся
540,Закрыт
545,Не состоялся
548,Не состоялся
549,Не состоялся
551,Не состоялся
550,Закрыт
556,Не состоялся
555,Закрыт
552,Не состоялся
784,Не состоялся
576,Не состоялся
578,Не состоялся
564,Не состоялся
565,Не состоялся
566,Не состоялся
567,Не состоялся
568,Не состоялся
569,Не состоялся
570,Не состоялся
571,Не состоялся
572,Не состоялся
573,Не состоялся
574,Не состоялся
588,Закрыт
587,Не состоялся
581,Закрыт
582,Закрыт
583,Не состоялся
584,Не состоялся
585,Не состоялся
580,Закрыт
589,Не состоялся
590,Не состоялся
595,Не состоялся
596,Не состоялся
599,Не состоялся
597,Закрыт
605,Не состоялся
598,Закрыт
600,Закрыт
607,Закрыт
1333,Не состоялся
602,Закрыт
601,Закрыт
608,Закрыт
610,Не состоялся
609,Закрыт
620,Не состоялся
621,Закрыт
616,Не состоялся
615,Не состоялся
614,Не состоялся
622,Не состоялся
623,Не состоялся
613,Закрыт
617,Закрыт
618,Закрыт
625,Не состоялся
624,Не состоялся
626,Закрыт
627,Закрыт
629,Ожидает начала торгов
628,Не состоялся
630,Не состоялся
633,Не состоялся
632,Не состоялся
635,Не состоялся
646,Не состоялся
631,Не состоялся
639,Не состоялся
641,Не состоялся
642,Не состоялся
643,Не состоялся
640,Не состоялся
647,Не состоялся
634,Не состоялся
645,Не состоялся
644,Закрыт
649,Не состоялся
650,Не состоялся
652,Закрыт
654,Не состоялся
667,Не состоялся
657,Не состоялся
668,Не состоялся
666,Не состоялся
670,Не состоялся
648,Не состоялся
671,Не состоялся
669,Не состоялся
684,Закрыт
683,Не состоялся
678,Не состоялся
682,Не состоялся
681,Не состоялся
687,Не состоялся
686,Закрыт
690,Отменен заказчиком
688,Отменен заказчиком
685,Закрыт
691,Не состоялся
695,Не состоялся
693,Не состоялся
692,Не состоялся
696,Не состоялся
699,Не состоялся
700,Не состоялся
701,Не состоялся
689,Отменен заказчиком
697,Не состоялся
707,Не состоялся
708,Не состоялся
709,Закрыт
711,Не состоялся
704,Не состоялся
703,Закрыт
710,Закрыт
715,Не состоялся
713,Не состоялся
714,Не состоялся
712,Не состоялся
726,Не состоялся
721,Закрыт
719,Не состоялся
718,Не состоялся
720,Не состоялся
717,Не состоялся
722,Не состоялся
724,Отменен заказчиком
723,Закрыт
725,Не состоялся
716,Не состоялся
728,Не состоялся
730,Не состоялся
729,Не состоялся
727,Не состоялся
731,Не состоялся
735,Закрыт
732,Отменен заказчиком
734,Отменен заказчиком
737,Не состоялся
736,Не состоялся
738,Не состоялся
744,Не состоялся
758,Не состоялся
759,Не состоялся
740,Не состоялся
746,Не состоялся
741,Не состоялся
742,Не состоялся
743,Не состоялся
750,Закрыт
749,Не состоялся
747,Не состоялся
733,Отменен заказчиком
751,Не состоялся
752,Не состоялся
754,Не состоялся
753,Не состоялся
755,Закрыт
761,Не состоялся
756,Не состоялся
763,Не состоялся
762,Закрыт
767,Закрыт
766,Не состоялся
783,Не состоялся
769,Не состоялся
768,Закрыт
770,Не состоялся
772,Не состоялся
771,Не состоялся
774,Не состоялся
773,Не состоялся
764,Не состоялся
765,Не состоялся
776,Не состоялся
780,Не состоялся
781,Не состоялся
777,Не состоялся
779,Не состоялся
786,Не состоялся
788,Закрыт
787,Закрыт
782,Не состоялся
785,Не состоялся
793,Закрыт
791,Закрыт
792,Закрыт
789,Закрыт
775,Не состоялся
790,Не состоялся
795,Ожидает начала торгов
796,Не состоялся
797,Не состоялся
794,Не состоялся
798,Не состоялся
800,Не состоялся
803,Не состоялся
801,Не состоялся
802,Не состоялся
805,Не состоялся
804,Не состоялся
807,Не состоялся
806,Не состоялся
808,Закрыт
822,Не состоялся
821,Не состоялся
823,Не состоялся
820,Закрыт
824,Не состоялся
826,Закрыт
825,Закрыт
799,Закрыт
827,Не состоялся
828,Не состоялся
830,Не состоялся
831,Не состоялся
832,Не состоялся
833,Не состоялся
834,Не состоялся
835,Не состоялся
836,Не состоялся
837,Не состоялся
838,Не состоялся
839,Не состоялся
840,Не состоялся
847,Не состоялся
846,Не состоялся
841,Не состоялся
845,Не состоялся
844,Отменен заказчиком
843,Не состоялся
850,Закрыт
848,Не состоялся
849,Не состоялся
851,Не состоялся
854,Закрыт
855,Закрыт
856,Закрыт
857,Не состоялся
853,Закрыт
852,Не состоялся
858,Закрыт
864,Закрыт
860,Не состоялся
862,Не состоялся
863,Не состоялся
859,Закрыт
865,Не состоялся
868,Не состоялся
867,Не состоялся
866,Закрыт
879,Не состоялся
884,Не состоялся
872,Не состоялся
873,Не состоялся
874,Не состоялся
875,Не состоялся
876,Не состоялся
877,Не состоялся
881,Не состоялся
882,Не состоялся
883,Закрыт
889,Не состоялся
890,Не состоялся
886,Не состоялся
885,Не состоялся
887,Закрыт
888,Закрыт
895,Не состоялся
892,Не состоялся
897,Не состоялся
898,Закрыт
893,Не состоялся
891,Не состоялся
908,Не состоялся
928,Не состоялся
900,Закрыт
901,Не состоялся
902,Не состоялся
903,Не состоялся
910,Закрыт
927,Не состоялся
913,Закрыт
899,Не состоялся
920,Не состоялся
930,Закрыт
926,Не состоялся
912,Закрыт
911,Закрыт
934,Не состоялся
933,Не состоялся
929,Закрыт
932,Закрыт
931,Не состоялся
940,Не состоялся
939,Не состоялся
937,Не состоялся
935,Не состоялся
936,Не состоялся
944,Не состоялся
946,Не состоялся
948,Не состоялся
947,Не состоялся
949,Не состоялся
951,Не состоялся
941,Не состоялся
950,Не состоялся
942,Не состоялся
953,Закрыт
955,Не состоялся
952,Закрыт
958,Не состоялся
954,Закрыт
957,Закрыт
968,Не состоялся
961,Не состоялся
997,Не состоялся
956,Закрыт
966,Закрыт
969,Закрыт
967,Закрыт
962,Закрыт
963,Не состоялся
964,Не состоялся
959,Не состоялся
970,Закрыт
971,Закрыт
972,Закрыт
973,Закрыт
974,Закрыт
976,Закрыт
980,Не состоялся
979,Не состоялся
975,Закрыт
977,Закрыт
978,Закрыт
984,Не состоялся
987,Не состоялся
988,Не состоялся
990,Не состоялся
993,Не состоялся
986,Не состоялся
983,Не состоялся
982,Не состоялся
985,Не состоялся
994,Закрыт
991,Не состоялся
999,Не состоялся
995,Не состоялся
992,Закрыт
1624,Закрыт
1626,Закрыт
1627,Закрыт
1628,Закрыт
1629,Не состоялся
1630,Не состоялся
1631,Не состоялся
1632,Закрыт
1633,Закрыт
1634,Не состоялся
1635,Закрыт
1636,Закрыт
1637,Закрыт
1638,Закрыт
1639,Закрыт
1640,Закрыт
996,Не состоялся
998,Не состоялся
1000,Не состоялся
989,Не состоялся
1005,Не состоялся
1004,Закрыт
1006,Закрыт
1009,Не состоялся
1003,Закрыт
1002,Закрыт
1010,Закрыт
1012,Закрыт
1011,Не состоялся
1013,Не состоялся
1001,Закрыт
1017,Не состоялся
1007,Закрыт
1008,Закрыт
1014,Не состоялся
1015,Не состоялся
1016,Не состоялся
1026,Не состоялся
1020,Закрыт
1025,Не состоялся
1023,Не состоялся
1018,Не состоялся
1027,Закрыт
1040,Не состоялся
1041,Не состоялся
1042,Не состоялся
1019,Закрыт
1021,Закрыт
1022,Закрыт
1030,Не состоялся
1031,Не состоялся
1032,Не состоялся
1033,Не состоялся
1034,Не состоялся
1035,Не состоялся
1036,Не состоялся
1037,Не состоялся
1038,Не состоялся
1039,Не состоялся
1028,Не состоялся
1029,Не состоялся
1046,Не состоялся
1047,Закрыт
1049,Закрыт
1048,Не состоялся
1050,Не состоялся
1051,Не состоялся
1052,Не состоялся
1043,Не состоялся
1044,Не состоялся
1045,Не состоялся
1055,Не состоялся
1054,Ожидает начала торгов
1053,Не состоялся
1056,Закрыт
1059,Не состоялся
1057,Ожидает начала торгов
1061,Ожидает начала торгов
1060,Не состоялся
1062,Не состоялся
1058,Не состоялся
1063,Ожидает начала торгов
1069,Не состоялся
1067,Закрыт
1066,Не состоялся
1065,Не состоялся
1064,Не состоялся
1073,Не состоялся
1072,Не состоялся
1068,Не состоялся
1071,Не состоялся
1070,Не состоялся
1076,Не состоялся
1078,Не состоялся
1077,Не состоялся
1075,Не состоялся
1074,Не состоялся
1083,Не состоялся
1084,Не состоялся
1087,Не состоялся
1086,Не состоялся
1085,Не состоялся
1088,Не состоялся
1089,Не состоялся
1090,Не состоялся
1094,Не состоялся
1095,Не состоялся
1093,Закрыт
1091,Не состоялся
1092,Не состоялся
1100,Не состоялся
1098,Закрыт
1101,Не состоялся
1096,Не состоялся
1097,Закрыт
1099,Не состоялся
1103,Не состоялся
1102,Не состоялся
1106,Не состоялся
1105,Закрыт
1111,Не состоялся
1107,Не состоялся
1108,Закрыт
1109,Не состоялся
1110,Не состоялся
1116,Не состоялся
1114,Не состоялся
1113,Не состоялся
1112,Не состоялся
1115,Закрыт
1122,Закрыт
1124,Закрыт
1118,Не состоялся
1119,Закрыт
1120,Не состоялся
1121,Не состоялся
1127,Не состоялся
1128,Не состоялся
1126,Не состоялся
1129,Не состоялся
1125,Закрыт
1130,Не состоялся
1131,Не состоялся
1132,Закрыт
1133,Не состоялся
1136,Не состоялся
1138,Закрыт
1123,Не состоялся
1166,Не состоялся
1167,Не состоялся
1168,Не состоялся
1169,Не состоялся
1170,Не состоялся
1171,Не состоялся
1172,Не состоялся
1173,Не состоялся
1174,Не состоялся
1175,Не состоялся
1176,Не состоялся
1177,Не состоялся
1178,Не состоялся
1179,Не состоялся
1180,Не состоялся
1181,Не состоялся
1182,Не состоялся
1135,Не состоялся
1143,Не состоялся
1147,Не состоялся
1139,Закрыт
1141,Не состоялся
1309,Закрыт
1310,Отменен заказчиком
1311,Отменен заказчиком
1312,Отменен заказчиком
1313,Отменен заказчиком
1314,Не состоялся
1315,Не состоялся
1316,Не состоялся
1317,Отменен заказчиком
1318,Отменен заказчиком
1319,Отменен заказчиком
1320,Не состоялся
1334,Не состоялся
1339,Не состоялся
1340,Не состоялся
1341,Не состоялся
1342,Не состоялся
1343,Не состоялся
1345,Не состоялся
1344,Не состоялся
1358,Не состоялся
1349,Закрыт
1350,Закрыт
1352,Не состоялся
1353,Не состоялся
1354,Не состоялся
1355,Не состоялся
1356,Не состоялся
1359,Не состоялся
1360,Закрыт
1361,Не состоялся
1362,Не состоялся
1363,Не состоялся
1364,Не состоялся
1365,Не состоялся
1366,Не состоялся
1367,Не состоялся
1368,Не состоялся
1369,Не состоялся
1370,Не состоялся
1371,Не состоялся
1372,Не состоялся
1373,Не состоялся
1374,Не состоялся
1375,Не состоялся
1376,Не состоялся
1377,Не состоялся
1378,Не состоялся
1379,Не состоялся
1380,Не состоялся
1381,Не состоялся
1385,Не состоялся
1387,Не состоялся
1388,Не состоялся
1390,Не состоялся
1389,Не состоялся
1391,Не состоялся
1392,Не состоялся
1393,Не состоялся
1394,Не состоялся
1395,Не состоялся
1396,Не состоялся
1397,Не состоялся
1398,Не состоялся
1399,Не состоялся
1400,Не состоялся
1402,Не состоялся
1414,Закрыт
1403,Не состоялся
1404,Не состоялся
1405,Не состоялся
1406,Не состоялся
1407,Не состоялся
1408,Не состоялся
1411,Не состоялся
1413,Не состоялся
1415,Не состоялся
1416,Не состоялся
1417,Не состоялся
1418,Не состоялся
1419,Не состоялся
1420,Не состоялся
1421,Не состоялся
1422,Не состоялся
1423,Не состоялся
1424,Закрыт
1426,Закрыт
1427,Не состоялся
1428,Не состоялся
1429,Не состоялся
1430,Не состоялся
1431,Не состоялся
1432,Не состоялся
1433,Отменен заказчиком
1434,Отменен заказчиком
1435,Отменен заказчиком
1436,Отменен заказчиком
1438,Отменен заказчиком
1439,Отменен заказчиком
1440,Не состоялся
1441,Не состоялся
1442,Не состоялся
1444,Отменен заказчиком
1445,Не состоялся
1446,Не состоялся
1447,Не состоялся
1448,Не состоялся
1450,Закрыт
1451,Не состоялся
1453,Закрыт
1454,Не состоялся
1458,Не состоялся
1460,Закрыт
1470,Не состоялся
1471,Не состоялся
1462,Не состоялся
1464,Не состоялся
1465,Закрыт
1553,Закрыт
1473,Не состоялся
1474,Не состоялся
1475,Не состоялся
1476,Не состоялся
1477,Не состоялся
1478,Не состоялся
1480,Не состоялся
1481,Не состоялся
1483,Закрыт
1484,Не состоялся
1485,Закрыт
1486,Закрыт
1482,Не состоялся
1487,Не состоялся
1488,Закрыт
1489,Закрыт
1491,Не состоялся
1490,Не состоялся
1492,Закрыт
1493,Закрыт
1494,Не состоялся
1496,Закрыт
1497,Закрыт
1498,Закрыт
1499,Не состоялся
1500,Закрыт
1501,Закрыт
1502,Закрыт
1505,Закрыт
1506,Закрыт
1507,Закрыт
1508,Закрыт
1509,Закрыт
1512,Не состоялся
1511,Не состоялся
1513,Закрыт
1516,Не состоялся
1518,Не состоялся
1519,Закрыт
1520,Закрыт
1521,Не состоялся
1522,Не состоялся
1523,Закрыт
1524,Закрыт
1525,Не состоялся
1526,Не состоялся
1528,Отменен заказчиком
1529,Закрыт
1530,Не состоялся
1531,Не состоялся
1532,Не состоялся
1535,Не состоялся
1536,Не состоялся
1537,Не состоялся
1539,Не состоялся
1540,Закрыт
1541,Не состоялся
1542,Закрыт
1543,Не состоялся
1544,Не состоялся
1546,Закрыт
1547,Закрыт
1549,Не состоялся
1550,Не состоялся
1551,Закрыт
2095,Не состоялся
2170,Не состоялся
2171,Не состоялся
2172,Не состоялся
2173,Не состоялся
2174,Не состоялся
2175,Не состоялся
2176,Не состоялся
2177,Не состоялся
1554,Не состоялся
1555,Не состоялся
1556,Закрыт
1557,Не состоялся
1558,Не состоялся
1559,Не состоялся
1560,Закрыт
1561,Не состоялся
1562,Закрыт
1563,Закрыт
1564,Не состоялся
1565,Закрыт
1566,Ожидает начала торгов
1567,Не состоялся
1568,Не состоялся
1569,Закрыт
1570,Не состоялся
1571,Закрыт
1572,Не состоялся
1573,Не состоялся
1574,Закрыт
1575,Не состоялся
1576,Закрыт
1577,Закрыт
1578,Не состоялся
1582,Закрыт
1583,Закрыт
1584,Не состоялся
1585,Закрыт
1886,Закрыт
1586,Не состоялся
1588,Не состоялся
1589,Ожидает начала торгов
1587,Не состоялся
1591,Не состоялся
1592,Не состоялся
1593,Не состоялся
1595,Закрыт
1596,Не состоялся
1597,Закрыт
1598,Закрыт
1599,Не состоялся
1600,Не состоялся
1602,Не состоялся
1603,Не состоялся
1604,Не состоялся
1605,Не состоялся
1606,Закрыт
1608,Не состоялся
1609,Не состоялся
1610,Не состоялся
1611,Не состоялся
1612,Не состоялся
1613,Не состоялся
1601,Не состоялся
1607,Не состоялся
1614,Не состоялся
1615,Не состоялся
1616,Закрыт
1617,Не состоялся
1618,Закрыт
1619,Не состоялся
1620,Не состоялся
1622,Не состоялся
1621,Не состоялся
1623,Не состоялся
1625,Не состоялся
1643,Не состоялся
1641,Не состоялся
1642,Не состоялся
1644,Не состоялся
1645,Не состоялся
1646,Закрыт
1647,Закрыт
1648,Закрыт
1649,Не состоялся
1652,Закрыт
1653,Закрыт
1651,Закрыт
1650,Не состоялся
1654,Не состоялся
1656,Не состоялся
1657,Не состоялся
1658,Не состоялся
1660,Закрыт
1659,Не состоялся
1661,Не состоялся
1670,Закрыт
1662,Не состоялся
1663,Закрыт
1664,Закрыт
1665,Закрыт
1666,Не состоялся
1667,Не состоялся
1668,Не состоялся
1669,Не состоялся
1672,Закрыт
1671,Не состоялся
1673,Не состоялся
1674,Закрыт
1676,Не состоялся
1675,Закрыт
1677,Закрыт
1678,Закрыт
1679,Закрыт
1680,Не состоялся
1681,Не состоялся
1682,Не состоялся
1683,Не состоялся
1685,Закрыт
1684,Не состоялся
1687,Не состоялся
1690,Не состоялся
1686,Не состоялся
1688,Не состоялся
1689,Закрыт
1692,Не состоялся
1694,Не состоялся
1695,Не состоялся
1697,Не состоялся
1696,Не состоялся
1698,Не состоялся
1702,Не состоялся
1703,Закрыт
1704,Не состоялся
1705,Не состоялся
1706,Закрыт
1707,Не состоялся
1708,Закрыт
1709,Закрыт
1711,Закрыт
1712,Закрыт
1713,Не состоялся
1714,Закрыт
1716,Не состоялся
1717,Закрыт
1718,Не состоялся
1719,Не состоялся
1720,Не состоялся
1721,Не состоялся
1722,Не состоялся
1723,Не состоялся
1724,Не состоялся
1726,Не состоялся
1727,Не состоялся
1728,Не состоялся
1729,Не состоялся
1732,Не состоялся
1734,Не состоялся
1735,Не состоялся
1738,Не состоялся
1739,Не состоялся
1740,Не состоялся
1897,Закрыт
1741,Не состоялся
1742,Закрыт
1743,Не состоялся
1744,Не состоялся
1745,Не состоялся
1746,Не состоялся
1747,Закрыт
1748,Не состоялся
1749,Закрыт
1750,Закрыт
1751,Не состоялся
1755,Закрыт
1757,Не состоялся
1758,Не состоялся
1760,Закрыт
1762,Не состоялся
1769,Не состоялся
1770,Не состоялся
1771,Не состоялся
1773,Не состоялся
1791,Не состоялся
1776,Не состоялся
1777,Не состоялся
1780,Не состоялся
1783,Не состоялся
1784,Закрыт
1785,Не состоялся
1786,Не состоялся
1790,Не состоялся
1796,Закрыт
1797,Закрыт
1800,Не состоялся
1860,Не состоялся
1801,Закрыт
1802,Закрыт
1803,Закрыт
1804,Не состоялся
1805,Закрыт
1806,Закрыт
1807,Закрыт
1808,Не состоялся
1809,Не состоялся
1810,Не состоялся
1811,Не состоялся
1812,Не состоялся
1813,Не состоялся
1814,Не состоялся
1816,Не состоялся
1817,Закрыт
1849,Закрыт
1818,Отменен заказчиком
1819,Не состоялся
1820,Не состоялся
1821,Не состоялся
1822,Закрыт
1823,Не состоялся
1824,Не состоялся
1825,Не состоялся
1826,Не состоялся
1828,Не состоялся
1831,Не состоялся
1832,Закрыт
1834,Не состоялся
1835,Не состоялся
1836,Не состоялся
1837,Закрыт
2393,Закрыт
2395,Закрыт
2396,Закрыт
2397,Закрыт
1838,Не состоялся
1974,Не состоялся
1839,Не состоялся
1840,Не состоялся
1841,Закрыт
1842,Не состоялся
1844,Не состоялся
1854,Не состоялся
1848,Не состоялся
1845,Не состоялся
1846,Не состоялся
1847,Не состоялся
1850,Не состоялся
1852,Не состоялся
1851,Закрыт
1853,Закрыт
1855,Не состоялся
1856,Не состоялся
1857,Не состоялся
1858,Не состоялся
1859,Закрыт
1861,Закрыт
1862,Не состоялся
1864,Не состоялся
1863,Не состоялся
1866,Закрыт
1869,Не состоялся
1867,Не состоялся
1868,Не состоялся
1870,Закрыт
1871,Закрыт
1872,Не состоялся
1873,Не состоялся
1874,Закрыт
1875,Закрыт
1876,Закрыт
1877,Не состоялся
1879,Не состоялся
1880,Не состоялся
1878,Не состоялся
1881,Не состоялся
1882,Не состоялся
1883,Не состоялся
1884,Не состоялся
1887,Закрыт
1888,Не состоялся
1890,Не состоялся
1891,Закрыт
1893,Закрыт
1894,Не состоялся
1896,Не состоялся
1898,Не состоялся
1901,Не состоялся
1905,Закрыт
1906,Не состоялся
1899,Закрыт
1900,Закрыт
1902,Закрыт
1903,Не состоялся
1904,Не состоялся
1907,Не состоялся
1908,Не состоялся
1909,Не состоялся
1910,Не состоялся
1911,Не состоялся
1917,Не состоялся
1912,Закрыт
1916,Закрыт
1918,Не состоялся
1919,Не состоялся
1921,Закрыт
1922,Закрыт
1923,Не состоялся
1924,Не состоялся
1925,Закрыт
1931,Не состоялся
1926,Не состоялся
1928,Не состоялся
1930,Закрыт
1929,Закрыт
1932,Закрыт
1933,Не состоялся
1934,Не состоялся
1935,Закрыт
1936,Не состоялся
1937,Не состоялся
1945,Не состоялся
1946,Не состоялся
1947,Не состоялся
1948,Не состоялся
1949,Не состоялся
1950,Не состоялся
1951,Не состоялся
1952,Не состоялся
1953,Не состоялся
1954,Не состоялся
1955,Не состоялся
1956,Не состоялся
1940,Не состоялся
1941,Не состоялся
1942,Не состоялся
1943,Не состоялся
1944,Закрыт
1957,Не состоялся
1961,Не состоялся
7340,Не состоялся
1962,Не состоялся
1963,Закрыт
1964,Закрыт
1965,Закрыт
1966,Не состоялся
1972,Не состоялся
1971,Не состоялся
1998,Не состоялся
1979,Отменен заказчиком
1975,Закрыт
1976,Не состоялся
1977,Не состоялся
1978,Закрыт
1980,Закрыт
1981,Не состоялся
1983,Закрыт
1984,Закрыт
1985,Не состоялся
1987,Не состоялся
1988,Не состоялся
1989,Не состоялся
1990,Не состоялся
1986,Закрыт
1991,Не состоялся
1992,Закрыт
1993,Не состоялся
1994,Не состоялся
1995,Закрыт
1996,Закрыт
1997,Закрыт
1999,Не состоялся
2000,Закрыт
2002,Не состоялся
2003,Не состоялся
2004,Закрыт
2005,Не состоялся
2007,Не состоялся
2008,Не состоялся
2009,Не состоялся
2010,Не состоялся
2011,Не состоялся
2013,Не состоялся
2015,Не состоялся
2016,Не состоялся
2017,Не состоялся
2019,Не состоялся
2026,Закрыт
2021,Не состоялся
2022,Не состоялся
2023,Не состоялся
2024,Отменен заказчиком
2027,Закрыт
2028,Закрыт
2029,Не состоялся
2031,Не состоялся
2032,Не состоялся
2030,Не состоялся
2033,Не состоялся
2034,Не состоялся
2035,Закрыт
2038,Не состоялся
2036,Не состоялся
2037,Не состоялся
2039,Закрыт
2040,Закрыт
2045,Не состоялся
2046,Закрыт
2047,Не состоялся
2896,Не состоялся
2049,Закрыт
2048,Не состоялся
2050,Не состоялся
2051,Не состоялся
2052,Закрыт
2053,Не состоялся
2054,Закрыт
2056,Не состоялся
2057,Не состоялся
2058,Не состоялся
2059,Не состоялся
2060,Не состоялся
2061,Не состоялся
2063,Не состоялся
2065,Не состоялся
2073,Не состоялся
2074,Не состоялся
2062,Не состоялся
2069,Не состоялся
2064,Отменен заказчиком
2066,Закрыт
2067,Не состоялся
2068,Закрыт
2070,Закрыт
2071,Закрыт
2072,Закрыт
2077,Закрыт
2078,Не состоялся
2079,Не состоялся
2081,Отменен заказчиком
2080,Не состоялся
2082,Не состоялся
2083,Не состоялся
2110,Не состоялся
2089,Закрыт
2090,Не состоялся
2091,Не состоялся
2092,Закрыт
2094,Не состоялся
2093,Закрыт
2096,Не состоялся
2097,Не состоялся
2134,Не состоялся
2099,Закрыт
2100,Не состоялся
2101,Закрыт
2102,Закрыт
2103,Закрыт
2104,Не состоялся
2105,Закрыт
2106,Закрыт
2107,Не состоялся
2108,Не состоялся
2109,Не состоялся
2111,Не состоялся
2114,Закрыт
2112,Закрыт
2113,Не состоялся
2115,Не состоялся
2116,Не состоялся
2117,Не состоялся
2118,Не состоялся
2119,Не состоялся
2120,Закрыт
2122,Не состоялся
2123,Закрыт
2124,Закрыт
2125,Не состоялся
2126,Не состоялся
2127,Не состоялся
2128,Не состоялся
2130,Закрыт
2131,Закрыт
2132,Не состоялся
2133,Не состоялся
2135,Закрыт
2136,Не состоялся
2140,Не состоялся
2143,Не состоялся
2144,Не состоялся
2145,Не состоялся
2146,Закрыт
2160,Не состоялся
2148,Закрыт
2149,Закрыт
2150,Не состоялся
2151,Не состоялся
2152,Не состоялся
2153,Не состоялся
2155,Не состоялся
2156,Не состоялся
2158,Закрыт
2157,Закрыт
2159,Не состоялся
2161,Закрыт
2162,Закрыт
2163,Не состоялся
2164,Не состоялся
2165,Не состоялся
2168,Не состоялся
2178,Не состоялся
2179,Не состоялся
2180,Не состоялся
2181,Не состоялся
2182,Не состоялся
2183,Не состоялся
2184,Не состоялся
2186,Не состоялся
2188,Не состоялся
2189,Не состоялся
2190,Не состоялся
2191,Закрыт
2192,Не состоялся
2193,Закрыт
2194,Не состоялся
2195,Не состоялся
2197,Не состоялся
2198,Не состоялся
2199,Не состоялся
2200,Не состоялся
2201,Не состоялся
2202,Не состоялся
2203,Не состоялся
2204,Не состоялся
2205,Не состоялся
2196,Не состоялся
2206,Не состоялся
2207,Закрыт
2209,Не состоялся
2210,Закрыт
2211,Закрыт
2212,Не состоялся
2213,Закрыт
2222,Закрыт
2214,Закрыт
2218,Не состоялся
2215,Не состоялся
2216,Не состоялся
2217,Закрыт
2219,Не состоялся
2220,Не состоялся
2224,Не состоялся
2229,Закрыт
2227,Закрыт
2230,Не состоялся
2228,Не состоялся
2231,Закрыт
2232,Не состоялся
2234,Не состоялся
2237,Не состоялся
2238,Не состоялся
2239,Не состоялся
2241,Не состоялся
2240,Закрыт
2242,Закрыт
2245,Закрыт
2244,Не состоялся
2247,Не состоялся
2248,Закрыт
2249,Не состоялся
2250,Не состоялся
2251,Не состоялся
2252,Закрыт
2254,Закрыт
2255,Закрыт
2256,Не состоялся
2257,Отменен заказчиком
2258,Не состоялся
2260,Закрыт
2259,Не состоялся
2262,Закрыт
2261,Не состоялся
2263,Закрыт
2264,Закрыт
2265,Не состоялся
2266,Закрыт
2267,Закрыт
2268,Закрыт
2269,Не состоялся
2272,Не состоялся
2273,Не состоялся
2274,Не состоялся
2275,Не состоялся
2276,Не состоялся
2277,Закрыт
2281,Не состоялся
2282,Не состоялся
2283,Не состоялся
2280,Не состоялся
2285,Не состоялся
2291,Не состоялся
2294,Закрыт
2295,Закрыт
2296,Не состоялся
2297,Не состоялся
2298,Закрыт
2300,Закрыт
2301,Не состоялся
2299,Не состоялся
2302,Закрыт
2304,Закрыт
2306,Не состоялся
2328,Закрыт
2308,Закрыт
2309,Не состоялся
2311,Не состоялся
2313,Не состоялся
2314,Не состоялся
2315,Не состоялся
2316,Не состоялся
2317,Ожидает начала торгов
2318,Закрыт
2319,Закрыт
2320,Не состоялся
2321,Закрыт
2322,Не состоялся
2330,Не состоялся
2324,Закрыт
2376,Закрыт
2325,Закрыт
2326,Закрыт
2329,Закрыт
2331,Не состоялся
2332,Не состоялся
5057,Закрыт
5058,Не состоялся
5060,Не состоялся
5061,Не состоялся
5062,Не состоялся
5063,Не состоялся
5064,Не состоялся
5065,Закрыт
5066,Не состоялся
5067,Закрыт
5068,Не состоялся
5069,Закрыт
5071,Закрыт
5072,Закрыт
5073,Не состоялся
5074,Не состоялся
5075,Не состоялся
5076,Не состоялся
5077,Не состоялся
5078,Закрыт
5079,Не состоялся
5081,Закрыт
5082,Не состоялся
5083,Не состоялся
5085,Закрыт
5086,Закрыт
5087,Закрыт
5088,Не состоялся
5089,Не состоялся
5090,Не состоялся
5091,Закрыт
5092,Не состоялся
2352,Не состоялся
2354,Закрыт
2355,Не состоялся
2460,Не состоялся
2356,Не состоялся
2357,Закрыт
2358,Закрыт
2361,Закрыт
2362,Отменен заказчиком
2363,Закрыт
2365,Закрыт
2366,Не состоялся
2367,Закрыт
2368,Не состоялся
2369,Ожидает начала торгов
2370,Закрыт
2372,Ожидает начала торгов
2374,Не состоялся
2373,Закрыт
2375,Не состоялся
2378,Не состоялся
2379,Не состоялся
2377,Не состоялся
2539,Не состоялся
2381,Не состоялся
2382,Закрыт
2383,Не состоялся
2385,Не состоялся
2386,Не состоялся
2388,Закрыт
2389,Закрыт
2391,Не состоялся
2387,Не состоялся
2390,Закрыт
2392,Закрыт
2394,Не состоялся
2398,Не состоялся
2400,Не состоялся
2402,Закрыт
2403,Закрыт
2404,Закрыт
2405,Закрыт
2406,Не состоялся
2409,Не состоялся
2410,Не состоялся
2411,Закрыт
2412,Не состоялся
2413,Не состоялся
2414,Не состоялся
2415,Не состоялся
2416,Не состоялся
2417,Не состоялся
2419,Не состоялся
2421,Не состоялся
2424,Не состоялся
2425,Не состоялся
2429,Не состоялся
2432,Не состоялся
2433,Не состоялся
2435,Не состоялся
2436,Не состоялся
2438,Не состоялся
2439,Закрыт
2440,Не состоялся
2441,Не состоялся
2443,Закрыт
2444,Не состоялся
2445,Закрыт
2446,Не состоялся
2447,Не состоялся
2448,Закрыт
2449,Не состоялся
2450,Закрыт
2451,Закрыт
2452,Закрыт
2454,Не состоялся
2455,Закрыт
2456,Закрыт
2407,Не состоялся
2408,Не состоялся
2418,Закрыт
2420,Закрыт
2422,Закрыт
2423,Не состоялся
2426,Закрыт
2430,Не состоялся
2427,Закрыт
2428,Не состоялся
2431,Закрыт
2434,Закрыт
2442,Не состоялся
2437,Не состоялся
2453,Не состоялся
2458,Не состоялся
2486,Не состоялся
2537,Не состоялся
2538,Не состоялся
2461,Не состоялся
2462,Закрыт
2463,Закрыт
2464,Закрыт
2466,Закрыт
2469,Не состоялся
2470,Не состоялся
2471,Не состоялся
2472,Не состоялся
2473,Не состоялся
2474,Не состоялся
2475,Не состоялся
2477,Не состоялся
2478,Не состоялся
2479,Не состоялся
2480,Не состоялся
2476,Не состоялся
2482,Закрыт
2484,Закрыт
2487,Не состоялся
2488,Закрыт
2489,Не состоялся
2490,Закрыт
2491,Не состоялся
2495,Не состоялся
2496,Закрыт
2497,Закрыт
2498,Не состоялся
2499,Не состоялся
2500,Не состоялся
2501,Закрыт
2503,Не состоялся
2504,Не состоялся
2505,Не состоялся
2506,Не состоялся
2507,Не состоялся
2508,Не состоялся
2509,Не состоялся
2510,Не состоялся
2511,Не состоялся
2512,Не состоялся
2513,Не состоялся
2514,Не состоялся
2515,Не состоялся
2516,Не состоялся
2517,Закрыт
2518,Не состоялся
2519,Не состоялся
2520,Закрыт
2521,Не состоялся
2522,Не состоялся
2523,Не состоялся
2524,Не состоялся
2525,Не состоялся
2526,Не состоялся
2527,Не состоялся
2528,Не состоялся
2529,Закрыт
2530,Не состоялся
2531,Не состоялся
2532,Не состоялся
2533,Не состоялся
2534,Не состоялся
2535,Не состоялся
2536,Не состоялся
2542,Не состоялся
2541,Не состоялся
2540,Не состоялся
2543,Закрыт
2544,Закрыт
2545,Закрыт
2546,Не состоялся
2547,Закрыт
2549,Не состоялся
2550,Закрыт
2548,Не состоялся
2551,Закрыт
2552,Не состоялся
2606,Не состоялся
2556,Не состоялся
2557,Не состоялся
2559,Не состоялся
2565,Не состоялся
2566,Не состоялся
2560,Закрыт
2562,Закрыт
2564,Закрыт
2568,Не состоялся
2571,Закрыт
2572,Закрыт
2573,Не состоялся
2574,Закрыт
2594,Закрыт
2575,Закрыт
2576,Не состоялся
2577,Закрыт
2578,Не состоялся
2579,Не состоялся
2580,Не состоялся
2581,Закрыт
2585,Не состоялся
2587,Не состоялся
2586,Не состоялся
2588,Закрыт
2589,Не состоялся
2590,Не состоялся
2715,Закрыт
2592,Ожидает начала торгов
2593,Не состоялся
2595,Закрыт
2597,Не состоялся
2598,Отменен заказчиком
2599,Закрыт
2600,Закрыт
2601,Закрыт
2602,Не состоялся
2605,Закрыт
2607,Закрыт
2612,Закрыт
2613,Закрыт
2610,Отменен заказчиком
2616,Закрыт
2622,Не состоялся
2934,Не состоялся
2631,Закрыт
2632,Закрыт
2633,Не состоялся
2634,Закрыт
2635,Закрыт
2636,Не состоялся
2638,Не состоялся
2640,Не состоялся
2645,Не состоялся
2639,Не состоялся
2642,Ожидает начала торгов
2643,Не состоялся
2644,Закрыт
2646,Не состоялся
2647,Не состоялся
2648,Закрыт
2649,Не состоялся
2652,Не состоялся
2661,Не состоялся
2665,Не состоялся
2651,Не состоялся
2653,Не состоялся
2654,Не состоялся
2655,Не состоялся
2656,Отменен заказчиком
2657,Не состоялся
2658,Не состоялся
2659,Не состоялся
2660,Не состоялся
2662,Не состоялся
2663,Не состоялся
2664,Не состоялся
2666,Не состоялся
2667,Не состоялся
2668,Не состоялся
2669,Не состоялся
2670,Не состоялся
2671,Не состоялся
2672,Не состоялся
2673,Не состоялся
2674,Не состоялся
2675,Не состоялся
2676,Не состоялся
2677,Не состоялся
2678,Не состоялся
2679,Не состоялся
2680,Не состоялся
3045,Не состоялся
2683,Не состоялся
2684,Не состоялся
2685,Не состоялся
2686,Не состоялся
2687,Не состоялся
2688,Не состоялся
2689,Не состоялся
2690,Не состоялся
2691,Не состоялся
2692,Не состоялся
2693,Не состоялся
2694,Не состоялся
2695,Не состоялся
2696,Не состоялся
2697,Не состоялся
2698,Не состоялся
2699,Закрыт
2700,Не состоялся
2701,Не состоялся
3190,Отменен заказчиком
2702,Не состоялся
2703,Закрыт
2704,Закрыт
2708,Закрыт
2706,Не состоялся
2709,Не состоялся
2710,Закрыт
2711,Не состоялся
2712,Не состоялся
2713,Закрыт
2714,Закрыт
2716,Не состоялся
2718,Не состоялся
2719,Закрыт
2720,Не состоялся
2721,Не состоялся
2717,Закрыт
2722,Не состоялся
2724,Закрыт
2725,Не состоялся
2792,Не состоялся
2726,Не состоялся
2728,Не состоялся
2729,Не состоялся
2730,Не состоялся
2731,Не состоялся
2732,Не состоялся
2733,Не состоялся
2734,Не состоялся
2735,Не состоялся
2736,Не состоялся
2738,Не состоялся
2739,Не состоялся
2740,Не состоялся
2741,Не состоялся
2742,Не состоялся
2743,Не состоялся
2744,Не состоялся
2745,Не состоялся
2746,Не состоялся
2747,Не состоялся
2737,Закрыт
2748,Не состоялся
2749,Не состоялся
2750,Не состоялся
2751,Не состоялся
2752,Не состоялся
2753,Не состоялся
2754,Не состоялся
2755,Не состоялся
2756,Не состоялся
2758,Не состоялся
2759,Не состоялся
2761,Не состоялся
2762,Не состоялся
2763,Не состоялся
2764,Не состоялся
2765,Не состоялся
2766,Не состоялся
2767,Не состоялся
2769,Не состоялся
2772,Не состоялся
2774,Не состоялся
2777,Не состоялся
2780,Не состоялся
2783,Не состоялся
2784,Не состоялся
2757,Не состоялся
2760,Не состоялся
2768,Закрыт
2770,Закрыт
2771,Не состоялся
2773,Закрыт
2775,Закрыт
2776,Не состоялся
2778,Закрыт
2779,Не состоялся
2781,Не состоялся
2782,Не состоялся
2785,Не состоялся
2786,Не состоялся
2787,Не состоялся
2788,Закрыт
2789,Не состоялся
2790,Не состоялся
2840,Не состоялся
2795,Закрыт
2798,Закрыт
2815,Не состоялся
2799,Не состоялся
2800,Закрыт
2801,Не состоялся
2802,Закрыт
2804,Не состоялся
2809,Закрыт
2810,Закрыт
2811,Закрыт
2826,Закрыт
2813,Закрыт
2814,Закрыт
2817,Закрыт
2822,Закрыт
2818,Не состоялся
2820,Не состоялся
2821,Не состоялся
2824,Не состоялся
2819,Закрыт
2823,Закрыт
2828,Не состоялся
2829,Не состоялся
2831,Не состоялся
2832,Не состоялся
2833,Не состоялся
2825,Закрыт
2827,Закрыт
2830,Закрыт
2835,Не состоялся
2834,Не состоялся
2837,Закрыт
2836,Закрыт
2838,Закрыт
2839,Закрыт
2842,Закрыт
2846,Закрыт
2848,Закрыт
2849,Не состоялся
2850,Закрыт
2853,Закрыт
2854,Не состоялся
2857,Закрыт
2860,Не состоялся
2862,Закрыт
2867,Не состоялся
2880,Не состоялся
2897,Ожидает начала торгов
2898,Не состоялся
2899,Не состоялся
2900,Не состоялся
2901,Не состоялся
2902,Не состоялся
2903,Ожидает начала торгов
2904,Ожидает начала торгов
2905,Не состоялся
2906,Не состоялся
2907,Не состоялся
2908,Не состоялся
2909,Не состоялся
2911,Ожидает начала торгов
2913,Не состоялся
2914,Ожидает начала торгов
2915,Не состоялся
2917,Ожидает начала торгов
2869,Не состоялся
2881,Не состоялся
2884,Закрыт
2885,Закрыт
2888,Не состоялся
2887,Не состоялся
2889,Закрыт
2890,Не состоялся
2891,Не состоялся
2892,Закрыт
2894,Не состоялся
2895,Закрыт
2910,Закрыт
2916,Не состоялся
2918,Не состоялся
2920,Закрыт
2921,Не состоялся
2922,Отменен заказчиком
2923,Не состоялся
2924,Не состоялся
2926,Не состоялся
2927,Не состоялся
2928,Закрыт
2929,Закрыт
2931,Закрыт
2932,Отменен заказчиком
2937,Закрыт
2939,Закрыт
2935,Закрыт
2936,Не состоялся
2938,Закрыт
2941,Не состоялся
2940,Закрыт
2980,Не состоялся
2945,Не состоялся
2946,Закрыт
2947,Не состоялся
2948,Закрыт
2949,Закрыт
2950,Не состоялся
2951,Закрыт
2952,Закрыт
2953,Не состоялся
2954,Не состоялся
2956,Не состоялся
2957,Не состоялся
2955,Закрыт
2958,Не состоялся
2963,Не состоялся
2966,Отменен заказчиком
2984,Не состоялся
2969,Закрыт
2973,Закрыт
2974,Не состоялся
2975,Закрыт
2977,Закрыт
2978,Закрыт
2979,Закрыт
2981,Отменен заказчиком
2982,Отменен заказчиком
2983,Не состоялся
2985,Не состоялся
2987,Не состоялся
2988,Закрыт
2989,Закрыт
2990,Не состоялся
2991,Не состоялся
2992,Не состоялся
2993,Не состоялся
2994,Закрыт
2995,Закрыт
2996,Отменен заказчиком
3008,Закрыт
3035,Закрыт
2997,Не состоялся
2998,Не состоялся
3000,Не состоялся
3001,Не состоялся
3002,Не состоялся
3003,Не состоялся
3004,Не состоялся
3005,Не состоялся
3006,Не состоялся
3007,Не состоялся
2999,Не состоялся
3009,Не состоялся
3010,Не состоялся
3011,Не состоялся
3012,Не состоялся
3013,Не состоялся
3014,Не состоялся
3015,Не состоялся
3016,Не состоялся
3017,Не состоялся
3018,Не состоялся
3019,Не состоялся
3020,Не состоялся
3021,Не состоялся
3022,Не состоялся
3023,Не состоялся
3024,Не состоялся
3025,Не состоялся
3026,Не состоялся
3027,Не состоялся
3028,Закрыт
3029,Закрыт
3030,Не состоялся
3031,Не состоялся
3032,Не состоялся
3036,Закрыт
3037,Закрыт
3038,Не состоялся
3040,Закрыт
3041,Не состоялся
3043,Закрыт
3042,Не состоялся
3102,Не состоялся
3046,Закрыт
3047,Закрыт
3048,Не состоялся
3049,Закрыт
3050,Не состоялся
3051,Закрыт
3052,Не состоялся
3053,Закрыт
3054,Закрыт
3078,Закрыт
3056,Закрыт
3058,Отменен заказчиком
3059,Закрыт
3060,Закрыт
3061,Не состоялся
3062,Не состоялся
3063,Не состоялся
3064,Закрыт
3068,Не состоялся
3065,Не состоялся
3066,Не состоялся
3067,Не состоялся
3069,Закрыт
3070,Не состоялся
3071,Не состоялся
3203,Закрыт
3072,Закрыт
3074,Закрыт
3077,Не состоялся
3076,Закрыт
3075,Закрыт
3079,Не состоялся
3081,Закрыт
3100,Закрыт
3084,Закрыт
3086,Не состоялся
3202,Не состоялся
3087,Не состоялся
3088,Закрыт
3089,Не состоялся
3090,Не состоялся
3092,Не состоялся
3093,Не состоялся
3101,Не состоялся
3094,Не состоялся
3097,Не состоялся
3099,Не состоялся
3103,Не состоялся
3134,Закрыт
3106,Закрыт
3500,Ожидает начала торгов
3109,Закрыт
3110,Не состоялся
3112,Не состоялся
3113,Закрыт
3114,Закрыт
3115,Закрыт
3116,Не состоялся
3118,Не состоялся
3117,Не состоялся
3119,Закрыт
3120,Закрыт
3121,Не состоялся
3123,Закрыт
3122,Не состоялся
3127,Не состоялся
3125,Не состоялся
3126,Закрыт
3128,Закрыт
3129,Закрыт
3130,Закрыт
3131,Закрыт
3132,Не состоялся
3133,Не состоялся
6178,Отменен заказчиком
3143,Закрыт
3711,Не состоялся
3139,Не состоялся
3140,Закрыт
3141,Не состоялся
3142,Закрыт
3151,Закрыт
3153,Закрыт
3147,Не состоялся
3149,Закрыт
3150,Не состоялся
3152,Отменен заказчиком
3155,Не состоялся
3156,Закрыт
3157,Закрыт
3158,Закрыт
3159,Не состоялся
3160,Не состоялся
3161,Не состоялся
3162,Закрыт
3164,Закрыт
3163,Не состоялся
3165,Не состоялся
3166,Не состоялся
3167,Не состоялся
3168,Закрыт
3169,Не состоялся
3170,Закрыт
3172,Закрыт
3494,Закрыт
3173,Не состоялся
3174,Не состоялся
3176,Не состоялся
3175,Закрыт
3178,Не состоялся
3177,Не состоялся
3181,Не состоялся
3182,Закрыт
3183,Не состоялся
3184,Не состоялся
3185,Не состоялся
3186,Не состоялся
3187,Не состоялся
3188,Закрыт
3189,Не состоялся
3192,Не состоялся
3191,Закрыт
3194,Не состоялся
3197,Закрыт
3193,Не состоялся
3196,Закрыт
3195,Закрыт
3198,Закрыт
3199,Закрыт
3201,Не состоялся
3200,Закрыт
3262,Отменен заказчиком
3263,Отменен заказчиком
3264,Отменен заказчиком
3265,Отменен заказчиком
3266,Отменен заказчиком
3267,Отменен заказчиком
3268,Отменен заказчиком
3269,Отменен заказчиком
3270,Отменен заказчиком
3271,Отменен заказчиком
3272,Отменен заказчиком
3273,Отменен заказчиком
3274,Отменен заказчиком
3275,Отменен заказчиком
3276,Отменен заказчиком
3277,Отменен заказчиком
3278,Отменен заказчиком
3279,Отменен заказчиком
3280,Отменен заказчиком
3281,Отменен заказчиком
3282,Отменен заказчиком
3283,Отменен заказчиком
3284,Отменен заказчиком
3285,Отменен заказчиком
3286,Отменен заказчиком
3287,Отменен заказчиком
3288,Отменен заказчиком
3289,Отменен заказчиком
3290,Отменен заказчиком
3291,Отменен заказчиком
3292,Отменен заказчиком
3293,Отменен заказчиком
3294,Отменен заказчиком
3295,Отменен заказчиком
3296,Отменен заказчиком
3297,Отменен заказчиком
3298,Отменен заказчиком
3299,Отменен заказчиком
3300,Отменен заказчиком
3301,Отменен заказчиком
3302,Отменен заказчиком
3303,Отменен заказчиком
3304,Отменен заказчиком
3305,Отменен заказчиком
3306,Отменен заказчиком
3308,Отменен заказчиком
3309,Отменен заказчиком
3310,Отменен заказчиком
3311,Отменен заказчиком
3312,Отменен заказчиком
3313,Отменен заказчиком
3314,Отменен заказчиком
3315,Отменен заказчиком
3316,Отменен заказчиком
3317,Отменен заказчиком
3318,Отменен заказчиком
3319,Отменен заказчиком
3320,Отменен заказчиком
3321,Отменен заказчиком
3322,Отменен заказчиком
3323,Отменен заказчиком
3324,Отменен заказчиком
3325,Отменен заказчиком
3326,Отменен заказчиком
3327,Отменен заказчиком
3328,Отменен заказчиком
3329,Отменен заказчиком
3330,Отменен заказчиком
3206,Закрыт
3207,Не состоялся
3208,Не состоялся
3209,Закрыт
3210,Не состоялся
3211,Не состоялся
3212,Закрыт
3213,Закрыт
3215,Закрыт
3216,Закрыт
3217,Закрыт
3218,Не состоялся
3219,Не состоялся
3220,Закрыт
3759,Не состоялся
3226,Закрыт
3221,Не состоялся
3222,Закрыт
3224,Не состоялся
3225,Не состоялся
3229,Закрыт
3228,Закрыт
3230,Не состоялся
3232,Не состоялся
3235,Закрыт
3236,Закрыт
3238,Закрыт
3237,Не состоялся
3240,Не состоялся
3239,Не состоялся
3243,Не состоялся
3244,Не состоялся
3245,Закрыт
3246,Не состоялся
3248,Закрыт
3249,Закрыт
3250,Закрыт
3251,Закрыт
3252,Закрыт
3255,Закрыт
3256,Не состоялся
3258,Не состоялся
3259,Не состоялся
3260,Закрыт
3307,Закрыт
3331,Не состоялся
3332,Отменен заказчиком
3333,Отменен заказчиком
3334,Отменен заказчиком
3335,Отменен заказчиком
3336,Отменен заказчиком
3337,Отменен заказчиком
3338,Отменен заказчиком
3339,Отменен заказчиком
3340,Отменен заказчиком
3341,Отменен заказчиком
3342,Отменен заказчиком
3344,Отменен заказчиком
3345,Отменен заказчиком
3346,Отменен заказчиком
3347,Отменен заказчиком
3348,Отменен заказчиком
3349,Отменен заказчиком
3350,Отменен заказчиком
3351,Отменен заказчиком
3352,Отменен заказчиком
3353,Отменен заказчиком
3354,Отменен заказчиком
3355,Отменен заказчиком
3356,Отменен заказчиком
3357,Отменен заказчиком
3358,Отменен заказчиком
3359,Отменен заказчиком
3360,Отменен заказчиком
3361,Отменен заказчиком
3362,Отменен заказчиком
3363,Отменен заказчиком
3364,Отменен заказчиком
3365,Отменен заказчиком
3366,Отменен заказчиком
3367,Отменен заказчиком
3368,Отменен заказчиком
3369,Отменен заказчиком
3370,Отменен заказчиком
3371,Отменен заказчиком
3372,Отменен заказчиком
3373,Отменен заказчиком
3374,Отменен заказчиком
3375,Отменен заказчиком
3376,Отменен заказчиком
3377,Отменен заказчиком
3378,Отменен заказчиком
3379,Отменен заказчиком
3380,Отменен заказчиком
3381,Отменен заказчиком
3382,Отменен заказчиком
3383,Отменен заказчиком
3384,Отменен заказчиком
3385,Отменен заказчиком
3386,Отменен заказчиком
3387,Отменен заказчиком
3388,Отменен заказчиком
3389,Отменен заказчиком
3390,Отменен заказчиком
3391,Отменен заказчиком
3392,Отменен заказчиком
3393,Отменен заказчиком
3394,Отменен заказчиком
3395,Отменен заказчиком
3396,Отменен заказчиком
3397,Отменен заказчиком
3398,Отменен заказчиком
3343,Закрыт
3399,Отменен заказчиком
3400,Отменен заказчиком
3401,Отменен заказчиком
3402,Отменен заказчиком
3403,Отменен заказчиком
3404,Отменен заказчиком
3405,Отменен заказчиком
3406,Отменен заказчиком
3407,Отменен заказчиком
3408,Отменен заказчиком
3409,Отменен заказчиком
3410,Отменен заказчиком
3411,Отменен заказчиком
3412,Отменен заказчиком
3413,Отменен заказчиком
3414,Отменен заказчиком
3415,Отменен заказчиком
3416,Отменен заказчиком
3417,Отменен заказчиком
3418,Отменен заказчиком
3419,Отменен заказчиком
3420,Отменен заказчиком
3421,Отменен заказчиком
3422,Отменен заказчиком
3423,Отменен заказчиком
3424,Отменен заказчиком
3425,Отменен заказчиком
3426,Отменен заказчиком
3427,Отменен заказчиком
3428,Отменен заказчиком
3435,Отменен заказчиком
3436,Отменен заказчиком
3437,Отменен заказчиком
3438,Отменен заказчиком
3439,Отменен заказчиком
3440,Отменен заказчиком
3441,Отменен заказчиком
3442,Отменен заказчиком
3443,Отменен заказчиком
3444,Отменен заказчиком
3445,Отменен заказчиком
3446,Отменен заказчиком
3447,Отменен заказчиком
3448,Отменен заказчиком
3449,Отменен заказчиком
3450,Отменен заказчиком
3451,Отменен заказчиком
3452,Отменен заказчиком
3453,Отменен заказчиком
3454,Отменен заказчиком
3455,Отменен заказчиком
3456,Отменен заказчиком
3457,Отменен заказчиком
3458,Отменен заказчиком
3459,Отменен заказчиком
3460,Отменен заказчиком
3461,Отменен заказчиком
3462,Отменен заказчиком
3463,Отменен заказчиком
3464,Отменен заказчиком
3465,Отменен заказчиком
3466,Отменен заказчиком
3467,Отменен заказчиком
3468,Отменен заказчиком
3469,Отменен заказчиком
3470,Отменен заказчиком
3471,Отменен заказчиком
3472,Отменен заказчиком
3473,Отменен заказчиком
3474,Отменен заказчиком
3475,Отменен заказчиком
3476,Отменен заказчиком
3477,Отменен заказчиком
3478,Отменен заказчиком
3479,Отменен заказчиком
3480,Отменен заказчиком
3481,Отменен заказчиком
3482,Отменен заказчиком
3483,Отменен заказчиком
3484,Отменен заказчиком
3485,Отменен заказчиком
3486,Отменен заказчиком
3487,Отменен заказчиком
3488,Отменен заказчиком
3489,Отменен заказчиком
3490,Отменен заказчиком
3491,Отменен заказчиком
3492,Отменен заказчиком
3493,Отменен заказчиком
3429,Не состоялся
3430,Не состоялся
3431,Не состоялся
3432,Не состоялся
3433,Не состоялся
3434,Не состоялся
3497,Закрыт
3503,Закрыт
3495,Закрыт
3496,Не состоялся
3506,Закрыт
3509,Не состоялся
3511,Закрыт
3499,Не состоялся
3501,Не состоялся
3502,Не состоялся
3504,Не состоялся
3505,Закрыт
3508,Закрыт
3510,Не состоялся
3514,Не состоялся
3513,Не состоялся
3515,Закрыт
3516,Не состоялся
3517,Закрыт
3518,Не состоялся
3519,Не состоялся
3520,Закрыт
3521,Отменен заказчиком
3522,Отменен заказчиком
3523,Отменен заказчиком
3524,Отменен заказчиком
3525,Отменен заказчиком
3526,Отменен заказчиком
3527,Отменен заказчиком
3528,Отменен заказчиком
3529,Отменен заказчиком
3530,Отменен заказчиком
3531,Отменен заказчиком
3532,Отменен заказчиком
3533,Отменен заказчиком
3534,Отменен заказчиком
3535,Отменен заказчиком
3536,Отменен заказчиком
3537,Отменен заказчиком
3538,Отменен заказчиком
3539,Отменен заказчиком
3540,Не состоялся
3541,Не состоялся
3542,Не состоялся
3543,Не состоялся
3544,Не состоялся
3546,Не состоялся
3547,Не состоялся
3545,Не состоялся
3548,Не состоялся
3549,Не состоялся
3556,Не состоялся
3550,Не состоялся
3551,Закрыт
3552,Закрыт
3553,Не состоялся
3554,Закрыт
3555,Закрыт
3557,Не состоялся
3558,Отменен заказчиком
3559,Закрыт
3560,Закрыт
3561,Закрыт
3563,Не состоялся
3562,Закрыт
3564,Не состоялся
3565,Закрыт
3567,Закрыт
3566,Не состоялся
3568,Закрыт
3569,Закрыт
3570,Закрыт
3571,Не состоялся
3572,Не состоялся
3573,Не состоялся
3574,Не состоялся
3575,Не состоялся
3576,Не состоялся
3577,Не состоялся
3578,Не состоялся
3579,Не состоялся
3580,Не состоялся
3581,Не состоялся
3582,Не состоялся
3583,Закрыт
3584,Не состоялся
3585,Закрыт
3586,Закрыт
3587,Отменен заказчиком
3588,Не состоялся
3589,Не состоялся
3592,Закрыт
3590,Не состоялся
3591,Не состоялся
3593,Закрыт
3595,Закрыт
3594,Закрыт
3599,Закрыт
3600,Закрыт
3596,Закрыт
3597,Не состоялся
3598,Не состоялся
3602,Не состоялся
3601,Не состоялся
3605,Закрыт
3603,Закрыт
3604,Закрыт
3608,Не состоялся
3609,Не состоялся
3610,Не состоялся
3612,Не состоялся
3613,Не состоялся
3615,Не состоялся
3616,Не состоялся
3618,Отменен заказчиком
3617,Не состоялся
3619,Не состоялся
3620,Отменен заказчиком
3622,Не состоялся
3623,Не состоялся
3625,Не состоялся
3626,Закрыт
3628,Не состоялся
3627,Закрыт
3629,Закрыт
3630,Закрыт
3631,Закрыт
3632,Не состоялся
3633,Не состоялся
3638,Не состоялся
3637,Не состоялся
3634,Не состоялся
3635,Закрыт
3639,Не состоялся
3640,Закрыт
3641,Отменен заказчиком
3642,Отменен заказчиком
3643,Не состоялся
3644,Закрыт
3646,Не состоялся
3645,Закрыт
3647,Не состоялся
3648,Закрыт
3649,Не состоялся
3671,Закрыт
3650,Не состоялся
3651,Закрыт
3674,Не состоялся
3675,Закрыт
3676,Закрыт
3677,Не состоялся
3679,Не состоялся
3680,Не состоялся
3681,Не состоялся
3682,Закрыт
3685,Не состоялся
3683,Закрыт
3686,Закрыт
3688,Не состоялся
3687,Закрыт
3689,Закрыт
3690,Не состоялся
3692,Закрыт
3693,Не состоялся
3694,Не состоялся
3695,Не состоялся
4473,Закрыт
4565,Закрыт
4566,Закрыт
4567,Закрыт
4568,Закрыт
4569,Закрыт
4570,Закрыт
4571,Закрыт
4572,Закрыт
4573,Закрыт
4574,Не состоялся
4575,Не состоялся
4576,Не состоялся
4577,Не состоялся
4578,Не состоялся
4579,Не состоялся
4588,Не состоялся
4590,Не состоялся
4591,Не состоялся
4592,Не состоялся
4593,Не состоялся
4594,Не состоялся
4595,Не состоялся
4596,Не состоялся
4597,Не состоялся
4600,Не состоялся
4601,Не состоялся
4604,Не состоялся
4605,Не состоялся
4606,Закрыт
4607,Закрыт
4609,Закрыт
4610,Закрыт
4611,Закрыт
4614,Закрыт
4616,Закрыт
4619,Закрыт
4622,Закрыт
4625,Закрыт
4627,Закрыт
4631,Закрыт
4633,Закрыт
4636,Закрыт
4638,Не состоялся
4639,Не состоялся
4640,Не состоялся
4641,Не состоялся
4642,Не состоялся
4643,Не состоялся
4644,Не состоялся
4646,Не состоялся
4647,Не состоялся
4648,Не состоялся
4650,Не состоялся
4651,Не состоялся
4652,Не состоялся
4653,Не состоялся
4654,Не состоялся
4655,Не состоялся
4657,Не состоялся
4658,Не состоялся
4659,Не состоялся
4660,Не состоялся
4661,Закрыт
4663,Не состоялся
4665,Не состоялся
4666,Не состоялся
4667,Не состоялся
4668,Закрыт
4669,Не состоялся
4670,Закрыт
4671,Закрыт
4672,Закрыт
4673,Закрыт
4674,Закрыт
4675,Закрыт
4676,Закрыт
4678,Закрыт
4679,Не состоялся
4680,Не состоялся
4682,Закрыт
4683,Закрыт
4684,Закрыт
4685,Закрыт
4686,Закрыт
4687,Закрыт
4689,Закрыт
4690,Закрыт
4691,Закрыт
4693,Не состоялся
4694,Закрыт
4696,Закрыт
4699,Закрыт
4700,Закрыт
4701,Закрыт
4702,Закрыт
4703,Закрыт
4704,Закрыт
4705,Закрыт
4706,Закрыт
4707,Закрыт
4708,Закрыт
4709,Не состоялся
4710,Не состоялся
4711,Закрыт
4712,Не состоялся
4713,Не состоялся
4714,Закрыт
4715,Не состоялся
4716,Не состоялся
4717,Закрыт
4718,Не состоялся
4719,Не состоялся
4720,Не состоялся
4722,Закрыт
4723,Не состоялся
3696,Закрыт
3699,Не состоялся
3700,Не состоялся
3701,Не состоялся
3702,Закрыт
3720,Закрыт
3703,Не состоялся
3704,Не состоялся
3705,Закрыт
3706,Закрыт
3707,Не состоялся
3708,Не состоялся
3710,Не состоялся
3709,Закрыт
3712,Закрыт
3714,Не состоялся
3713,Не состоялся
3715,Отменен заказчиком
3716,Не состоялся
3718,Закрыт
3717,Закрыт
3719,Закрыт
3721,Закрыт
3722,Закрыт
3727,Не состоялся
3723,Не состоялся
3724,Не состоялся
3725,Закрыт
3726,Не состоялся
3728,Не состоялся
3729,Не состоялся
3730,Не состоялся
3731,Не состоялся
3732,Не состоялся
3741,Отменен заказчиком
3733,Не состоялся
3738,Не состоялся
3734,Закрыт
3735,Закрыт
3736,Закрыт
3737,Не состоялся
3740,Не состоялся
3742,Не состоялся
3743,Закрыт
3744,Закрыт
3745,Не состоялся
3746,Не состоялся
3747,Не состоялся
3748,Не состоялся
3749,Не состоялся
3750,Не состоялся
3751,Не состоялся
3752,Не состоялся
3753,Не состоялся
3754,Закрыт
3757,Закрыт
3755,Ожидает начала торгов
3758,Не состоялся
3760,Не состоялся
3761,Не состоялся
3762,Не состоялся
3763,Не состоялся
3764,Не состоялся
3765,Не состоялся
3766,Не состоялся
3767,Не состоялся
3768,Закрыт
3769,Закрыт
3770,Закрыт
4043,Не состоялся
3772,Не состоялся
3771,Не состоялся
3773,Не состоялся
3777,Не состоялся
3775,Закрыт
3778,Не состоялся
3781,Не состоялся
3783,Не состоялся
3784,Не состоялся
3779,Отменен заказчиком
3780,Не состоялся
3782,Не состоялся
3785,Не состоялся
3786,Не состоялся
3787,Не состоялся
3788,Не состоялся
3797,Не состоялся
3790,Не состоялся
3791,Не состоялся
3792,Не состоялся
3793,Не состоялся
3794,Не состоялся
3796,Не состоялся
3795,Не состоялся
3799,Не состоялся
3800,Не состоялся
3801,Не состоялся
3802,Не состоялся
3803,Не состоялся
3804,Не состоялся
3805,Закрыт
3806,Не состоялся
3807,Закрыт
3809,Не состоялся
3810,Закрыт
3811,Не состоялся
3812,Закрыт
3813,Закрыт
3814,Не состоялся
3815,Не состоялся
3816,Закрыт
3817,Не состоялся
3818,Закрыт
3819,Не состоялся
3820,Не состоялся
3821,Не состоялся
3823,Не состоялся
3824,Не состоялся
3825,Не состоялся
3827,Не состоялся
3828,Не состоялся
3829,Не состоялся
3830,Не состоялся
3831,Не состоялся
3832,Не состоялся
3833,Не состоялся
3822,Не состоялся
3826,Не состоялся
3834,Закрыт
3835,Закрыт
3836,Не состоялся
3837,Не состоялся
3838,Не состоялся
3839,Закрыт
3841,Закрыт
3842,Закрыт
3843,Закрыт
3844,Не состоялся
3845,Закрыт
3846,Не состоялся
3847,Закрыт
3848,Закрыт
3849,Закрыт
3850,Закрыт
3851,Закрыт
3852,Закрыт
3853,Закрыт
3854,Закрыт
3855,Закрыт
3856,Закрыт
3857,Не состоялся
3858,Закрыт
3840,Не состоялся
3859,Ожидает начала торгов
3860,Не состоялся
3861,Не состоялся
3862,Не состоялся
3863,Отменен заказчиком
3864,Отменен заказчиком
3884,Не состоялся
3866,Не состоялся
3865,Закрыт
3867,Не состоялся
3870,Не состоялся
3871,Не состоялся
3872,Закрыт
3878,Не состоялся
3873,Не состоялся
3874,Не состоялся
3875,Не состоялся
3877,Закрыт
3876,Не состоялся
3880,Не состоялся
3879,Закрыт
3932,Не состоялся
3934,Не состоялся
3937,Не состоялся
3938,Не состоялся
3939,Не состоялся
3881,Закрыт
3882,Не состоялся
3896,Не состоялся
3883,Не состоялся
3885,Не состоялся
3886,Закрыт
3888,Не состоялся
3887,Не состоялся
3889,Не состоялся
3890,Не состоялся
3891,Не состоялся
3892,Закрыт
3893,Не состоялся
3894,Закрыт
3895,Закрыт
3898,Не состоялся
3900,Не состоялся
3897,Не состоялся
3899,Не состоялся
3901,Не состоялся
3902,Закрыт
3903,Не состоялся
3904,Не состоялся
3905,Закрыт
3906,Не состоялся
3907,Не состоялся
3909,Закрыт
3908,Не состоялся
3910,Не состоялся
3911,Не состоялся
3915,Не состоялся
3912,Не состоялся
3914,Не состоялся
3913,Закрыт
3916,Закрыт
3917,Отменен заказчиком
3918,Не состоялся
3919,Не состоялся
3920,Не состоялся
3921,Закрыт
3922,Не состоялся
3923,Не состоялся
3925,Закрыт
3924,Не состоялся
3926,Не состоялся
3936,Не состоялся
3927,Закрыт
3928,Не состоялся
3929,Не состоялся
3930,Не состоялся
3931,Не состоялся
3933,Не состоялся
3935,Не состоялся
3940,Закрыт
3941,Закрыт
3942,Не состоялся
3943,Закрыт
3944,Закрыт
3945,Не состоялся
3946,Закрыт
3947,Не состоялся
3948,Не состоялся
3949,Закрыт
3950,Закрыт
3951,Не состоялся
3952,Не состоялся
3954,Закрыт
3953,Не состоялся
3955,Закрыт
3957,Не состоялся
3958,Не состоялся
3959,Закрыт
3960,Закрыт
3961,Закрыт
3963,Закрыт
3964,Не состоялся
3956,Закрыт
3962,Закрыт
3965,Не состоялся
3966,Закрыт
3968,Не состоялся
3967,Не состоялся
3969,Не состоялся
3971,Закрыт
3972,Закрыт
3970,Не состоялся
3973,Не состоялся
3974,Не состоялся
3975,Не состоялся
3976,Не состоялся
3977,Не состоялся
3978,Не состоялся
3979,Не состоялся
3980,Не состоялся
3981,Не состоялся
3983,Не состоялся
3984,Закрыт
3986,Не состоялся
3987,Не состоялся
3988,Не состоялся
3989,Закрыт
3990,Закрыт
3992,Закрыт
3994,Не состоялся
3995,Не состоялся
3996,Не состоялся
3997,Закрыт
3999,Закрыт
4000,Не состоялся
4001,Не состоялся
4002,Не состоялся
4003,Не состоялся
4004,Не состоялся
4005,Не состоялся
4006,Не состоялся
4007,Не состоялся
4008,Не состоялся
4009,Не состоялся
4010,Не состоялся
3991,Не состоялся
3993,Не состоялся
3998,Не состоялся
4011,Закрыт
4012,Не состоялся
4041,Не состоялся
4044,Не состоялся
4014,Не состоялся
4015,Не состоялся
4017,Не состоялся
4018,Не состоялся
4019,Не состоялся
4021,Не состоялся
4020,Не состоялся
4023,Не состоялся
4030,Не состоялся
4024,Не состоялся
4025,Не состоялся
4026,Не состоялся
4027,Не состоялся
4028,Не состоялся
4029,Ожидает начала торгов
4031,Не состоялся
4161,Не состоялся
4162,Не состоялся
4166,Не состоялся
4167,Не состоялся
4168,Не состоялся
4169,Не состоялся
4172,Не состоялся
4173,Не состоялся
4174,Не состоялся
4175,Не состоялся
4176,Не состоялся
4178,Не состоялся
4180,Не состоялся
4181,Не состоялся
4182,Не состоялся
4183,Не состоялся
4186,Не состоялся
4189,Не состоялся
4190,Не состоялся
4192,Не состоялся
4032,Не состоялся
4033,Не состоялся
4034,Не состоялся
4035,Отменен заказчиком
4036,Закрыт
4048,Не состоялся
4037,Закрыт
4038,Не состоялся
4039,Не состоялся
4045,Не состоялся
4040,Закрыт
4046,Не состоялся
4047,Закрыт
4049,Не состоялся
4050,Не состоялся
4051,Не состоялся
4052,Закрыт
4053,Отменен заказчиком
4054,Не состоялся
4055,Отменен заказчиком
4056,Закрыт
4057,Не состоялся
4058,Закрыт
4060,Не состоялся
4062,Не состоялся
4077,Не состоялся
4059,Не состоялся
4061,Не состоялся
4063,Не состоялся
4064,Не состоялся
4065,Не состоялся
4066,Не состоялся
4067,Не состоялся
4068,Не состоялся
4069,Не состоялся
4070,Не состоялся
4071,Не состоялся
4074,Не состоялся
4072,Не состоялся
4073,Закрыт
4075,Не состоялся
4076,Закрыт
4078,Закрыт
4079,Закрыт
4080,Закрыт
4082,Ожидает начала торгов
4081,Закрыт
4083,Не состоялся
4085,Не состоялся
4084,Закрыт
4086,Закрыт
4090,Не состоялся
4087,Не состоялся
4088,Не состоялся
4858,Закрыт
4091,Не состоялся
4092,Не состоялся
4093,Не состоялся
4094,Не состоялся
4097,Ожидает начала торгов
4096,Не состоялся
4098,Не состоялся
4099,Не состоялся
4100,Не состоялся
4101,Не состоялся
4102,Не состоялся
4103,Не состоялся
4106,Не состоялся
4107,Не состоялся
4108,Закрыт
4109,Не состоялся
4111,Не состоялся
4112,Не состоялся
4113,Закрыт
4105,Не состоялся
4116,Не состоялся
4114,Закрыт
4115,Не состоялся
4117,Закрыт
4118,Не состоялся
4119,Не состоялся
4120,Не состоялся
4121,Не состоялся
4122,Не состоялся
4123,Не состоялся
4125,Не состоялся
4124,Не состоялся
4126,Не состоялся
4129,Закрыт
4128,Не состоялся
4127,Не состоялся
4130,Не состоялся
4131,Не состоялся
4132,Отменен заказчиком
4133,Закрыт
4134,Закрыт
4135,Отменен заказчиком
4136,Закрыт
4137,Закрыт
4138,Закрыт
4141,Закрыт
4142,Закрыт
4143,Закрыт
4144,Закрыт
4139,Закрыт
4140,Закрыт
4146,Не состоялся
4147,Закрыт
4264,Не состоялся
4149,Не состоялся
4150,Закрыт
4151,Не состоялся
4152,Закрыт
4153,Не состоялся
4154,Закрыт
4155,Закрыт
4159,Закрыт
4156,Закрыт
4157,Не состоялся
4160,Не состоялся
4158,Не состоялся
4163,Закрыт
4165,Отменен заказчиком
4164,Закрыт
4170,Не состоялся
4171,Закрыт
4177,Не состоялся
4179,Закрыт
4187,Закрыт
4185,Ожидает начала торгов
4184,Закрыт
4188,Закрыт
4191,Закрыт
4195,Не состоялся
4196,Не состоялся
4198,Отменен заказчиком
4199,Закрыт
4200,Не состоялся
4201,Не состоялся
4204,Закрыт
4205,Не состоялся
4206,Закрыт
4207,Закрыт
4208,Не состоялся
4209,Закрыт
4211,Не состоялся
4212,Закрыт
4213,Закрыт
4214,Закрыт
4216,Закрыт
4217,Закрыт
4219,Закрыт
4220,Закрыт
4215,Не состоялся
4218,Не состоялся
4221,Не состоялся
4222,Отменен заказчиком
4223,Отменен заказчиком
4225,Отменен заказчиком
4226,Отменен заказчиком
4227,Отменен заказчиком
4228,Отменен заказчиком
4230,Отменен заказчиком
4232,Отменен заказчиком
4233,Отменен заказчиком
4237,Отменен заказчиком
4239,Отменен заказчиком
4242,Отменен заказчиком
4244,Отменен заказчиком
4246,Отменен заказчиком
4248,Отменен заказчиком
4250,Отменен заказчиком
4251,Отменен заказчиком
4253,Отменен заказчиком
4254,Отменен заказчиком
4224,Закрыт
4229,Закрыт
4231,Не состоялся
4234,Не состоялся
4236,Не состоялся
4238,Не состоялся
4240,Не состоялся
4243,Не состоялся
4245,Не состоялся
4247,Не состоялся
4235,Не состоялся
4241,Закрыт
4249,Закрыт
4252,Закрыт
4255,Закрыт
4256,Закрыт
4257,Закрыт
4259,Не состоялся
4258,Закрыт
4260,Не состоялся
4261,Не состоялся
4262,Не состоялся
4263,Закрыт
4266,Не состоялся
4265,Закрыт
4273,Не состоялся
4276,Идут торги
4729,Закрыт
4268,Не состоялся
5027,Не состоялся
4269,Не состоялся
4271,Закрыт
4270,Не состоялся
4272,Не состоялся
4449,Закрыт
4274,Не состоялся
4278,Не состоялся
4279,Отменен заказчиком
4284,Не состоялся
4288,Не состоялся
4280,Закрыт
4281,Закрыт
4282,Не состоялся
4283,Не состоялся
4285,Не состоялся
4286,Не состоялся
4287,Не состоялся
4290,Не состоялся
4291,Не состоялся
4289,Не состоялся
4292,Не состоялся
4293,Отменен заказчиком
4297,Не состоялся
4294,Закрыт
4295,Не состоялся
4296,Не состоялся
4298,Не состоялся
4388,Закрыт
4392,Закрыт
4394,Закрыт
4396,Закрыт
4398,Не состоялся
4399,Закрыт
4400,Закрыт
4401,Закрыт
4403,Закрыт
4404,Закрыт
4405,Не состоялся
4406,Закрыт
4407,Не состоялся
4408,Не состоялся
4409,Закрыт
4411,Не состоялся
4413,Закрыт
4418,Закрыт
4419,Закрыт
4421,Закрыт
4423,Не состоялся
4424,Не состоялся
4425,Закрыт
4426,Закрыт
4299,Не состоялся
4300,Не состоялся
4302,Не состоялся
4301,Закрыт
4303,Закрыт
4304,Закрыт
4305,Закрыт
4308,Закрыт
4309,Закрыт
4310,Не состоялся
4307,Не состоялся
4306,Не состоялся
4311,Закрыт
4312,Закрыт
4322,Не состоялся
4313,Не состоялся
4317,Не состоялся
4314,Не состоялся
4315,Не состоялся
4319,Не состоялся
4318,Закрыт
4320,Не состоялся
4326,Не состоялся
4321,Закрыт
4323,Не состоялся
4325,Не состоялся
4327,Не состоялся
4324,Не состоялся
4331,Закрыт
4330,Не состоялся
4329,Не состоялся
4328,Не состоялся
4335,Закрыт
4333,Не состоялся
4334,Не состоялся
4336,Не состоялся
4340,Не состоялся
4337,Не состоялся
4441,Не состоялся
4338,Не состоялся
4341,Не состоялся
4339,Не состоялся
4345,Отменен заказчиком
4343,Не состоялся
4344,Не состоялся
4347,Не состоялся
4342,Не состоялся
4352,Не состоялся
4348,Закрыт
4472,Не состоялся
4349,Не состоялся
4351,Не состоялся
4353,Не состоялся
4354,Не состоялся
4355,Не состоялся
4356,Не состоялся
4357,Не состоялся
4358,Не состоялся
4360,Закрыт
4359,Не состоялся
4378,Не состоялся
4361,Закрыт
4377,Не состоялся
4362,Закрыт
4379,Не состоялся
4363,Закрыт
4376,Закрыт
4364,Не состоялся
4367,Не состоялся
4366,Не состоялся
4368,Не состоялся
4369,Закрыт
4370,Закрыт
4371,Закрыт
4372,Закрыт
4374,Закрыт
4375,Не состоялся
4380,Не состоялся
4381,Не состоялся
4390,Не состоялся
4383,Не состоялся
4382,Не состоялся
4391,Не состоялся
4384,Отменен заказчиком
4385,Не состоялся
4387,Не состоялся
4386,Не состоялся
4415,Не состоялся
4393,Не состоялся
4389,Не состоялся
4402,Не состоялся
4417,Не состоялся
4410,Не состоялся
4414,Не состоялся
4412,Не состоялся
4416,Закрыт
4430,Не состоялся
4437,Не состоялся
4420,Закрыт
4428,Не состоялся
4422,Закрыт
4427,Закрыт
4432,Не состоялся
4429,Не состоялся
4433,Не состоялся
4431,Не состоялся
4434,Закрыт
4435,Отменен заказчиком
4436,Закрыт
4438,Закрыт
4439,Закрыт
4440,Закрыт
4442,Не состоялся
4443,Не состоялся
5251,Закрыт
5116,Не состоялся
4444,Закрыт
4445,Не состоялся
4446,Не состоялся
4447,Не состоялся
4448,Не состоялся
4451,Не состоялся
4450,Закрыт
4452,Закрыт
4453,Закрыт
4455,Закрыт
4456,Не состоялся
4457,Не состоялся
4459,Не состоялся
4460,Не состоялся
4461,Не состоялся
4462,Не состоялся
4463,Не состоялся
4465,Не состоялся
4467,Не состоялся
4468,Закрыт
4469,Закрыт
4458,Закрыт
4464,Закрыт
4454,Не состоялся
4466,Не состоялся
4515,Не состоялся
4470,Закрыт
4474,Не состоялся
4475,Не состоялся
4477,Закрыт
4478,Закрыт
4479,Не состоялся
4560,Не состоялся
4561,Не состоялся
4482,Не состоялся
4483,Закрыт
4481,Не состоялся
4484,Закрыт
4487,Закрыт
4489,Закрыт
4490,Закрыт
4492,Закрыт
4493,Не состоялся
4494,Не состоялся
4495,Не состоялся
4496,Не состоялся
4497,Закрыт
4498,Не состоялся
4499,Закрыт
4500,Не состоялся
4501,Закрыт
4502,Закрыт
4503,Закрыт
4504,Закрыт
4505,Закрыт
4506,Закрыт
4485,Закрыт
4486,Не состоялся
4488,Не состоялся
4491,Не состоялся
4507,Закрыт
4508,Не состоялся
4509,Не состоялся
4510,Закрыт
4511,Не состоялся
4512,Не состоялся
4513,Закрыт
4514,Не состоялся
4517,Не состоялся
4909,Не состоялся
4516,Закрыт
4519,Не состоялся
4518,Закрыт
4525,Не состоялся
4520,Не состоялся
4521,Не состоялся
4522,Не состоялся
4523,Не состоялся
4524,Не состоялся
4526,Не состоялся
4527,Не состоялся
4528,Не состоялся
4532,Не состоялся
4535,Не состоялся
4536,Не состоялся
4529,Не состоялся
4531,Не состоялся
4534,Не состоялся
4530,Не состоялся
4533,Не состоялся
4537,Не состоялся
4538,Не состоялся
4539,Не состоялся
4540,Не состоялся
4541,Не состоялся
4543,Не состоялся
4546,Не состоялся
4547,Не состоялся
4549,Не состоялся
4550,Не состоялся
4551,Закрыт
4552,Не состоялся
4553,Не состоялся
4554,Не состоялся
4555,Не состоялся
4556,Не состоялся
4557,Не состоялся
4559,Не состоялся
4558,Не состоялся
4562,Не состоялся
4563,Не состоялся
4564,Не состоялся
4580,Не состоялся
4752,Не состоялся
4753,Не состоялся
4754,Не состоялся
4755,Не состоялся
4756,Не состоялся
4757,Не состоялся
4758,Не состоялся
4759,Не состоялся
4760,Не состоялся
4761,Не состоялся
4762,Не состоялся
4763,Не состоялся
4764,Не состоялся
4765,Не состоялся
4766,Не состоялся
4767,Не состоялся
4768,Не состоялся
4769,Не состоялся
4770,Не состоялся
4771,Не состоялся
4581,Не состоялся
4582,Закрыт
4583,Не состоялся
4585,Отменен заказчиком
4584,Закрыт
4656,Закрыт
4587,Не состоялся
5093,Не состоялся
4589,Закрыт
4599,Не состоялся
4598,Закрыт
4602,Не состоялся
4603,Закрыт
4608,Закрыт
4612,Не состоялся
4615,Не состоялся
4618,Не состоялся
4621,Не состоялся
4624,Не состоялся
4626,Не состоялся
4629,Не состоялся
4632,Не состоялся
4634,Не состоялся
4637,Не состоялся
4613,Отменен заказчиком
4620,Отменен заказчиком
4617,Не состоялся
4623,Не состоялся
4628,Не состоялся
4630,Ожидает начала торгов
4635,Не состоялся
4789,Не состоялся
4645,Не состоялся
4649,Закрыт
5111,Не состоялся
4952,Не состоялся
4662,Не состоялся
4664,Не состоялся
4677,Закрыт
4681,Закрыт
4688,Закрыт
4695,Не состоялся
4692,Не состоялся
4697,Не состоялся
4698,Не состоялся
4721,Закрыт
4724,Закрыт
4726,Не состоялся
4725,Закрыт
4727,Не состоялся
4730,Закрыт
4732,Не состоялся
4731,Не состоялся
4733,Не состоялся
4734,Закрыт
5022,Не состоялся
4736,Ожидает начала торгов
4737,Ожидает начала торгов
4738,Не состоялся
4739,Закрыт
4740,Не состоялся
4741,Не состоялся
4742,Отменен заказчиком
4745,Не состоялся
4743,Закрыт
4744,Закрыт
4746,Не состоялся
4747,Не состоялся
4748,Не состоялся
4749,Закрыт
4775,Не состоялся
4785,Не состоялся
4750,Отменен заказчиком
4751,Отменен заказчиком
4772,Закрыт
4773,Закрыт
4774,Не состоялся
4777,Закрыт
4776,Закрыт
4778,Не состоялся
4779,Отменен заказчиком
4780,Закрыт
4786,Не состоялся
4781,Закрыт
4782,Не состоялся
4783,Закрыт
4784,Не состоялся
